file,totalNotes,rule_1,rule_2,rule_3,rule_4,rule_5,rule_6,rule_7,rule_8,rule_9,rule_10,rule_11,rule_12
Qma2wvbnmFgdbruyKfqLgndyFad3XyLbJN9n9f6Knb62nP_output.musicxml,122,216,167,276,76,164,76,67,7,7,25,4,24
Qma3ZYuqhNFejkoqiPj4uNPGRpiRKEtQaJDMcL6zsHkMdc_output.musicxml,122,178,142,228,76,156,82,84,2,2,139,56,43
Qma6sXcoaqDDYWthsxZFHacuGySGdvQcFRpjm9nMHsShhb_output.musicxml,70,148,95,106,58,103,39,31,3,2,15,0,31
Qma9Viq8gYVox8v45L2fShvsN3aXHtMAPFvmaJkd43WN2s_output.musicxml,144,116,153,288,53,117,99,94,8,0,136,98,17
QmacV8wFedPppypix8TKE56iSYeZxyYTqjVpivhsQpnDpi_output.musicxml,113,204,196,272,71,172,83,86,2,0,0,0,18
QmaffogxWrfBh8ekWaaRujkXtmibw8cAxWyhCqgRn7rhzJ_output.musicxml,56,76,58,105,43,58,31,19,2,2,85,22,23
Qmafx5kSd6wdyQ2zyXwF6heiAqS9FwjEUqjdh6yi9jAeBc_output.musicxml,219,214,135,198,48,112,66,34,4,6,64,28,26
Qmai5xA7vuH3QWXwYuCwwaUFt5BRGtPwdwfs1QTKEFEWRo_output.musicxml,154,198,186,315,92,182,110,107,6,1,149,90,38
QmaiZgyGKXLiyVnAHvWNAdjqCCHCavfwozmyE8BffMcsKY_output.musicxml,139,240,186,324,105,205,106,100,6,6,181,102,42
QmaK6Ex5EsfgzN2R3dYeexfoM6CugKBFE4ue7iyWKnz8w5_output.musicxml,144,46,67,70,59,99,74,32,7,2,0,12,8
QmaKcH7cKadFNqqNFf2qM9vbozG1MDPH1zDCfqkrdEZcdh_output.musicxml,104,188,154,259,72,144,72,68,4,0,94,52,41
QmaRVU6xvvUshPVRWDojuiKVKxqboTrVtNRWNi4zKDBGT3_output.musicxml,32,0,0,2,1,2,2,2,0,0,0,0,1
QmatmaGXSnw2sUwAsHZ8u9Ui36cmShtYgDAtnuebHCpuRE_output.musicxml,106,142,139,204,66,145,67,64,3,1,58,0,28
QmatTdS42gnk99tshFc2b9WKgZwM6xpvgrPS1ZMSM6Aq76_output.musicxml,67,80,55,78,44,64,45,47,3,0,10,0,16
QmaUbpvbxx2ibbjPm4KpuyDGBaVL9CrANjbVgj4hij1pz5_output.musicxml,172,206,248,477,80,179,118,108,4,1,137,48,35
QmaWK4xLCU9FsWgmaVGQZKWxFocuFfz7i7cz2WGWwp4nix_output.musicxml,175,210,201,316,96,204,119,123,11,2,20,0,28
Qmb5kizszjtpHeEbitLrSXej3YFAvAzzJEprDL42pK2KHz_output.musicxml,144,236,176,275,114,219,91,88,7,3,231,64,55
Qmb8vZeRdZy8nUttRoJVbhfxrtRU1eFJNXK988NQQZEkXH_output.musicxml,188,230,250,496,73,192,123,120,5,0,29,8,16
QmbbNRWP3gr5ooxoEcNCNfyB7aBYw9k7CKBTD2Rvj4dp9k_output.musicxml,474,1428,1223,1053,304,1264,173,61,1,0,131,62,83
QmbDMwNhnuNVsBri6B67TeEd453V4YAXNWW74xWz637JpX_output.musicxml,137,58,91,25,49,68,79,50,5,0,55,40,12
QmbeMygTJjtBYf9gnqeLDHujzmo8cguaTQPB12B6BwuWYU_output.musicxml,116,174,149,220,72,144,68,63,2,0,159,54,29
QmbGCASrpJWhvqYzG2fieVX8VhnacadXyytHWZikxDFmHb_output.musicxml,160,212,198,315,107,231,117,102,10,3,157,78,32
QmbMoS1mQiQjc9jtsRoQ8gYkoncNYrA9NjmDgcAwNvWgRn_output.musicxml,111,214,111,258,43,122,42,15,1,1,16,12,9
QmbQobrJEBs4ejDtzbbveYRBYgJmczQxL4Fqp6U7SdJR2J_output.musicxml,65,30,31,46,23,35,44,41,1,1,25,0,7
QmbRYiXKhxbQBufoGCd4sz8NWTRSa5QzPg5JVnepvmDx7P_output.musicxml,70,42,24,48,13,17,28,24,5,0,5,4,7
QmbTmqfCUCawLTAWjQPbX8jEBNahdp2fdFvHo9Ft72EpKg_output.musicxml,108,220,138,184,82,156,64,60,6,2,136,42,36
QmbtuGqsucaUzPoJR7nfQL9EfBeM6PeJ27wQbncbgoHH84_output.musicxml,100,130,85,211,76,99,62,57,3,0,70,16,26
QmbTZBHrR2dB94np83vnxbEQBbCcw7tzDPxzdk9C2AYS2u_output.musicxml,266,212,255,578,116,206,119,75,7,5,169,76,33
QmbuFonxnNBE768HzYfm6KQcgmvcaS2cM5qyaDSYPEUZmL_output.musicxml,112,142,107,177,70,113,65,61,11,2,13,4,28
QmbvpiesGpZ11Z5E2DVosZhMCUpcHNLjCcRFYmgeKTn38a_output.musicxml,253,582,406,431,136,589,86,23,10,3,93,26,39
QmbWPFbBJwgXz8pg5NEZsR1w1dCFdujUNNDpZ25b1F4y4S_output.musicxml,162,192,199,324,81,232,110,98,6,2,78,8,23
QmbX9gRrBHjvkbMH8xhbePyYrUnDNjVVa7T5HTq966CYhe_output.musicxml,250,626,359,621,181,388,151,125,9,2,252,132,81
QmbZmDbmVAuf1iu5X6msyt6AYdiH5dhBXc5TUtwtX5Lsvy_output.musicxml,127,212,278,484,62,173,100,87,0,0,68,32,35
Qmc1JAC9gXBt9WKpujDEvsZ8qTkAeyrdEYPYCexnSLHocb_output.musicxml,32,980,249,1046,25,140,22,13,6,1,0,0,12
Qmc1na6jbBFLNd2UAfHdTkP84YXPy7DzmLMgKWjeRvWo5W_output.musicxml,141,234,192,327,103,225,76,78,3,0,0,0,42
Qmc2ihdhQcBbMfTV14iShRF7Gb8jT7WKtXufiCBUprmzWx_output.musicxml,83,96,54,78,41,71,38,30,5,3,47,16,16
Qmc6JkqAbgYs7xvXgBFk5K6VesW97oGZDYkyx32rwAcbP6_output.musicxml,128,168,198,341,60,164,80,68,5,0,5,0,19
QmcDF6vyFncajD69s4P7E6cL498pVt2FXQQzLDeZVUYJQR_output.musicxml,134,120,108,125,58,116,81,70,4,1,10,0,8
Qmcef15nWEJ1FbCymLQF8hwN3wAwbmpbijport7BLED4dU_output.musicxml,33,42,31,70,10,33,13,4,1,2,0,0,4
QmcHjkMMFYXBphh4KcYT2La37UYbc7cR5Aod4nB5BSCXwn_output.musicxml,119,216,112,170,85,182,67,53,8,2,194,60,55
QmcLTiA8u2rvYirDUborAcLfwNwaptykdyhYnCbwYLmoTe_output.musicxml,130,142,116,181,53,104,76,70,16,5,182,62,47
QmcLXwiCUa2F2rXPzeaHp7DmafDeLxLyqRF6wX46fiNxfd_output.musicxml,135,214,193,284,72,198,107,95,8,6,50,28,16
QmcM5E2q6SMJuqk851axXftkF9yJ5B2yfk5VKGHwbvTzcf_output.musicxml,188,742,499,788,125,433,119,104,9,4,196,72,47
QmcMtSaHFqbvF2aJGx8EfJRkZBpx4nBczLbJguBk2ZELBJ_output.musicxml,11,6,5,4,2,6,3,2,0,0,6,0,3
QmcoUfkR8kQPBqUfpdjEUPBwz1o3EA9MivECufeWaTF9Nq_output.musicxml,69,54,53,54,33,92,34,21,5,1,13,14,8
QmcPEe85q7b2VRDMCQ69VjxjZejahUp4sL6zsPyFGL2zY2_output.musicxml,211,58,83,51,34,63,51,19,2,0,0,0,18
QmcQzt6aNBqd6FtQoTrHvT2YfVfjS4rGjWaWNheGFjzXGp_output.musicxml,254,84,96,116,50,100,90,86,7,0,10,0,22
QmcsravbWqvsVb4ECmyeqwnJnDn17yvYaNsij4eHKv7QKD_output.musicxml,155,420,369,410,115,600,62,37,4,2,74,28,63
QmcwKfRuWAvnQofcMzu6fyDpGaxHwqyw2bd9AgPJg7EAqb_output.musicxml,56,90,97,120,32,95,35,31,2,0,5,4,8
QmcxbrUrbBziYZj2noKrtXPa87dxdhAAk12pUPDato1g9X_output.musicxml,98,220,168,193,71,185,61,40,3,0,5,0,25
QmcyxpgbpxZAxrNypLsa2Qop881UtGUw7ZJ775T3bmWcNe_output.musicxml,52,114,57,86,29,83,35,29,4,4,22,16,6
QmcZMyK152wGGmZQa3FScDrkP22aC96Q1nkdAGSQmUgymk_output.musicxml,127,248,201,307,90,190,75,65,3,0,30,8,34
QmcZo9AutYwuWHpW9BV1HMiN3F8tosTDPuLaCPEXC98Cb5_output.musicxml,148,264,208,340,87,209,97,95,9,0,5,12,27
Qmd1vYiah9fyrCnaZnBq2S7TP4NwnPBrax4QL1u3H18XHL_output.musicxml,548,46,134,109,57,104,105,66,19,10,146,40,22
Qmd4cA6nCNZgqnv44bt2KXpENk4TYMtpKFMvShp8kn5m9M_output.musicxml,64,110,83,153,42,92,39,35,2,0,5,0,23
QmdBf4xcutYzLCj25VXoQEnFUMnEt5xmjvjeap7TtyyMif_output.musicxml,127,236,184,328,86,211,86,87,10,8,77,18,30
QmdDiCHuvDXE7YWDuaKap2dDc2Bn2pGdkyGzAqTJs9YTYy_output.musicxml,140,238,204,290,89,195,99,108,9,5,48,4,14
QmdghQhjX8nCEUFxViDMEdsUdFF1zfp2ZBZgv5jZ2ewZWg_output.musicxml,117,66,69,77,30,89,39,18,3,0,15,20,5
QmdGurS2pyYH9V3uYz28ErcAPJoqsLUL7A5zqPFeobENSw_output.musicxml,108,114,159,261,50,124,71,71,1,1,33,10,24
QmdGx4WMzeV3NoqBa1doCMLHSzEcVpM7yxfJscYB7Udz3y_output.musicxml,98,178,162,192,59,201,40,26,3,2,39,20,33
QmdJFNWySAa6Th7Src3ZEVnfHmXbvenc1WijqrknMrbuRN_output.musicxml,125,188,165,346,63,147,94,85,4,1,131,52,9
QmdjrV9iHemT9tJJaoPChuVvkvnu92XMTeMHZ8rZvT3jVJ_output.musicxml,168,232,206,310,98,200,90,65,5,1,18,0,26
QmdNNCXMdX1tUDXKzuKCVFQEJMAZjNWRmxStgLgwMmy3uh_output.musicxml,170,280,206,344,96,220,116,108,9,2,235,62,49
QmdqnSFR6oSXpRuX2tsQZzhyBoAHy2cbE5duXxu3QkAXLc_output.musicxml,90,188,122,199,53,129,46,39,4,3,95,36,27
QmdR2rFy6U98b9PMhxGG5eti7hJWuz4smU7ZdMJra9V2A5_output.musicxml,121,44,28,46,18,30,28,9,3,2,3,6,8
QmdrVZUULpogWzEQJdswuH3UBacKdKmJNSdENY75rjVJ7v_output.musicxml,355,222,215,285,125,392,99,64,18,1,10,0,66
QmdTcCdcUh25XJhNonSBZXGVtBw6NAjC9fFqJxCvWeLbVF_output.musicxml,57,362,151,363,52,150,38,28,6,2,48,20,43
QmdTpvnfF5oU9DLHLnuTmFRFMgvdJ7sH4XV3BnkaZFXwPV_output.musicxml,80,80,59,63,29,72,28,27,3,0,41,18,15
QmdWt6RUZZFrQBWQ72WFq1ZebxBfwj1uppBhM64Wz6pcWs_output.musicxml,146,270,209,362,113,233,91,77,5,2,156,70,47
Qmdx15194VAvFeJ3QvJnVQp2myNuZU9DHnhsaMATTrR2xR_output.musicxml,114,274,163,281,81,190,72,69,14,6,145,52,26
Qme58TTn9kRwa7DCn848qJvvawusJmBZGZJ7FVURKqMADH_output.musicxml,55,104,79,161,35,66,34,30,2,0,70,26,13
Qme5yejPBfZpvAbBuwdcjdiazRWgZtKvvGivWVZmnKw9pg_output.musicxml,94,140,117,199,65,120,56,60,6,3,99,60,13
Qme7M5cRmrvec9M9mtbKmr9Scd9TxM77GNYeFo8kE8oNu8_output.musicxml,452,144,187,214,135,273,170,75,12,3,170,56,30
QmeBnL9C5uwYUY3wxw1jNpTx1Qx6wHGQpnNHbNyEkD9FwV_output.musicxml,144,12,35,12,24,50,43,19,9,3,14,8,5
QmeC3bLrvVbMwiss6UvjjLVK1LAM7N12ev21jUWFHcHuSo_output.musicxml,164,214,178,300,92,197,108,101,9,0,0,0,25
QmecjsAwjYg8suogBD2U7LmReso7hPQbgdW89zizcnxHjF_output.musicxml,60,232,107,260,41,91,45,41,9,3,49,36,38
QmeE3ADhrqrFqVPBpuK2YwBTgpao8U29pnWCaoZMLSFDgA_output.musicxml,161,318,262,424,110,283,110,115,8,1,201,100,56
QmefvMPGurnKtYT8bwvHAVcsYQCfHihSE6PWKErQp69Hh1_output.musicxml,153,244,196,321,78,265,83,68,2,0,26,14,30
QmeHNH8AdWBm56gu2KScp7qwLx4Rn7SgNB1LpTaNHzVmSh_output.musicxml,63,102,73,81,41,79,31,33,4,0,129,22,12
QmeKNfAyaYiFgFGTzf3p9qLcUxxVmYLoWqLCTF3rf46LVb_output.musicxml,144,336,299,583,81,221,96,93,6,0,10,0,19
QmeMEGtMyDHeEWgtM57MtMMqBDNxNESjuUEENDfir3PdRv_output.musicxml,124,116,112,125,51,119,45,31,12,5,39,20,13
QmeNUFmSqon2Whk5CWWA2PaYTAV9MTSMbKeE94HaF6h22b_output.musicxml,543,86,132,136,89,183,109,27,26,7,54,16,10
QmeociuBpCFnFrWYE3dPJ7Wf8UkVExjNU2PuERHTHh2rFt_output.musicxml,148,198,215,329,88,171,94,104,2,1,202,78,27
QmeQCC62a2AdvVGexDpPhvCD82VkiDoMFQSvNnaQTuCUw9_output.musicxml,52,10,5,6,3,5,7,7,5,0,0,0,3
QmeRcNfQqRgQswDgLKhoBdaxHA5g3jghFfnDbMXjKGMEqH_output.musicxml,52,176,99,158,21,81,19,11,0,5,29,18,9
QmeRYS4BwKHeWPZfuBDtSxXSPJxUnFYkUutudQbpnEQaDZ_output.musicxml,74,24,27,36,15,33,30,17,0,0,0,0,3
QmeUMLZ1CyTEZZZJj3EKf5k9eh7xxSP5sFNoE2qPPZTL2a_output.musicxml,442,126,160,264,85,143,84,50,3,17,33,12,9
QmeuzRsYG4mDs95c8CcB1pnEfSikFiUvb9mdvf5cidNb1m_output.musicxml,68,112,75,134,38,92,28,22,6,2,5,4,9
Qmex5Gji25AhZZykzN3rdnAehdmeSEi8ELP7gMuifhbL6k_output.musicxml,148,236,208,328,98,185,100,101,3,2,172,54,44
QmeX9Necb6UZbNNTmAktGWG8k6z7xfMZy8meaAchj9RJxb_output.musicxml,197,16,50,97,12,11,69,16,0,1,83,20,9
QmeZDYmky1f9ivPQndtLc6waH3WsFa8Ne3Ctv35U6UvzNk_output.musicxml,511,322,339,590,186,301,199,133,5,12,136,76,64
Qmeze8Miv1CrTryDRiPfHs5KR21hsuVPtyAWP8RfWGd836_output.musicxml,112,156,130,202,65,95,66,59,5,3,150,44,33
Qmf25VEi8nHb9PMHJbhkby4696r9PzvdPC9Kf78rqxoS7o_output.musicxml,161,198,136,147,77,124,58,57,8,3,53,8,19
Qmf6Tc7gy9yV319kxSmQc5u6QWQ1MMuxmnL7w2DNGYvJJn_output.musicxml,122,188,185,360,74,183,91,89,5,1,79,82,23
QmfCMcqdEAVW7M7eYVfe5Fv2VCiKJ8KJsRrzQRQEYfgBuY_output.musicxml,96,0,2,8,3,6,17,0,0,0,20,0,0
QmfCQiHUnxahf7sWp4QpQBinzdxznSRCc7CWJujnfUhbqN_output.musicxml,322,1100,579,1150,298,606,204,225,7,0,60,32,187
QmfDEZzziRMTHTGr5iibjKkdBtQo1tWS1rE61tRcqWPkGR_output.musicxml,122,298,199,310,91,244,73,64,5,3,15,4,34
QmfDtEL8KqJcTdLdwZkqMuAGhbkBAs5L36BqGrj3gucM1H_output.musicxml,98,382,206,284,77,206,61,49,6,0,0,0,38
QmfFbr42wG5tYZXtofF55QRMhwgGBUvaz8Htc8dDffqJsD_output.musicxml,240,364,287,478,159,286,159,161,9,9,139,18,90
QmfFdcEeAhfwfMnyrUEeDonGz6NFT7CfcfKJPk8hNCKC7A_output.musicxml,120,438,235,310,114,243,86,69,10,5,88,22,54
QmfKXGaNRQ5L48V9eQpGT9FaRgP4WNwpK8BhwRhKFmG5Ra_output.musicxml,54,92,65,112,38,87,31,25,3,3,78,30,28
QmfNqeeJmUoLL2iUx5v9wVxgos5BY9GCofi8P8VbbCbGny_output.musicxml,112,102,117,122,48,104,69,60,5,3,114,40,11
QmfP1puyj4B9594CoJM51Mno6zj54nGmUryJzuvKiHba3Z_output.musicxml,104,260,157,284,57,171,66,59,9,0,35,44,44
QmfQhV8BoYV8RrQVM7KBQZvZtdPcLstadEz5atx5NQovJp_output.musicxml,180,216,200,322,99,185,101,100,7,2,174,32,35
QmfVyyh9k2ZBnH4F4V2rJmfKAE6GiUaEUaYxigdm556ixN_output.musicxml,96,208,121,197,64,177,67,60,7,7,56,12,32
QmfWKK52FYkwJnp4djw6nxkNU7oNhvJcytQHMpvM52ysaL_output.musicxml,112,136,96,127,46,129,88,79,5,0,38,8,15
QmfWqW9whxCuTLWE36NrzCxmRKfacnG76kT55Q125vuxSQ_output.musicxml,88,136,80,146,41,136,39,11,1,2,49,10,11
QmfYvLiF5XtL5SWCfKBcP8zBxNQmfKdc3rrUjejoKE3aUR_output.musicxml,218,236,211,378,102,241,142,130,15,11,199,94,27
QmfZE4Kp9gC3DWYNxaQpbzSVYGGmPkiUP2mD9XQYdLNfSL_output.musicxml,105,214,143,267,83,165,66,59,8,3,155,52,19
QmNbf4MLLRvF5rVJbsks3GzaqnmCghwi1ZgKEUX2Sbowxf_output.musicxml,407,114,118,130,52,130,100,33,11,0,25,2,41
QmNbLh8mYExHrdCzxtnAUzFQnnrm1RBkVQnNXdD4BhvUfX_output.musicxml,137,90,67,75,54,80,43,35,7,0,20,22,25
QmNcc2L1Ys6TjjKPuSZ8EL6t6M9Rpe6WGpsbSR9Z7REcAg_output.musicxml,75,102,123,218,32,67,47,43,4,3,104,80,6
QmNcsLEyZNu1cmg214SUd3J5uEcbGraXQyRDMNzCb2G8eg_output.musicxml,133,158,170,244,56,127,83,82,5,1,10,0,13
QmNezDfHWXa4V88KB9tQoBfHkwBP5KePFUDHmP5SX9iaTA_output.musicxml,105,42,24,35,27,28,41,38,10,0,10,0,11
QmNhit8szH5xuggYpnhJVao5JzmjhmsiaHhZgfWCVYfGdw_output.musicxml,118,204,177,243,87,182,79,72,6,4,55,14,39
QmNMTu1HYvuVLKsazfu6ocUue9uRkkqUvMYSEJVVDdKNTz_output.musicxml,107,480,305,580,113,274,88,88,11,0,45,8,59
QmNoZVucBWebhz1NJh5d6appvLhw1m12VZ42Xi882P2TC1_output.musicxml,63,194,115,172,44,100,48,42,6,0,53,24,25
QmNp164TRVXSjRtp98Qt4UVMRFPNaLp1pStASF8ePZMCus_output.musicxml,162,220,198,353,68,156,97,106,9,1,145,44,37
QmNrcuUSAvhm8qZFp3jhZzGa157cwyBUypbuqk95AdJ4pf_output.musicxml,171,642,471,508,62,165,60,16,5,1,49,8,17
QmNShzaBEnVKFKPvxL4Lr1N4q5hqh8o9ssXogz2gNXyzGi_output.musicxml,130,182,162,281,80,147,95,82,5,1,159,70,30
QmNUGHGHbr7MSa4PDjFs6vSoYKqHjN5mgw2Xe6usBUX799_output.musicxml,59,98,85,138,32,82,29,26,1,2,56,34,19
QmNWDcJHzP7EPxT5oimAjvCfZ5gWnTBkWkCAJ51VmWZah2_output.musicxml,100,160,161,212,53,157,68,50,1,0,58,0,6
QmNzFRJooaysnw2Rzt1vTCQdbBne1Uk7wiyZXVsCCD1VSE_output.musicxml,544,974,630,709,264,860,185,77,13,19,208,128,103
QmP18Lxj7dqwQRc4K13DdBYFpeJaDXgkxd5cHJ83hnuHWU_output.musicxml,156,222,173,316,86,218,118,107,5,2,176,112,29
QmP3bw1Zdyz4toanPu7BZADWJeC3koxQ67acHsiu1uY4mh_output.musicxml,152,312,238,365,92,241,102,80,10,5,148,98,39
QmP3L8aHcknqXhcEUoE5QD7TwU8AZQQUYJpk6HeNjhAY5R_output.musicxml,130,256,194,351,89,182,87,73,2,1,167,64,55
QmP4c5pK1qzm8n26kBQk9iRdQncxTsTto6XL6sPv1mxKTJ_output.musicxml,68,98,60,78,35,63,39,34,7,3,25,0,35
QmPdNj73Dq2PYNypnzJ7mHYv7Fdqgji7K4d2shzxdm8TAj_output.musicxml,138,178,173,305,67,164,85,84,7,4,128,90,34
QmPEE6pCuQr2TxkQj3EHTNvwsjB6QxYgSNG87csaVy5kKS_output.musicxml,179,300,260,473,114,250,99,101,6,0,134,34,30
QmPG3wndXQwifHcuDEJ9dMMcdqajRe1HcMWPkthpdKpAjm_output.musicxml,223,256,188,244,114,287,106,67,7,1,50,4,37
QmPjsZJGBRE6YuW4X8dsBADJwk696dMgePqBwHY1P5oJ6k_output.musicxml,290,214,153,213,106,168,141,102,24,1,163,46,32
QmPNon3UoEeZk5bLqkCU2HUtdEDkPxTb35hbJt1yFQPege_output.musicxml,152,148,100,126,56,101,65,24,2,1,27,18,25
QmPqdY5VfKTTeLTiqiTZipB44aHnYZPZ56K1kojX35efJp_output.musicxml,137,0,9,14,2,5,15,7,0,0,0,0,0
QmPsxWeow3wLZ5nZTuBnkQyFUNTRYmvcFwwR8QbzCpnK6N_output.musicxml,176,260,221,398,96,239,121,109,7,2,54,50,32
QmPSZCJdkDuEfhVucwwYB7NMrTNBJ4iNBWyqGfgwRFKPas_output.musicxml,99,266,175,259,80,166,56,59,6,2,135,66,26
QmPU5HtHHRaarvfgBXmY4hvqJZzbUF4j2QkN2fS6uHt9cw_output.musicxml,162,234,235,437,69,191,103,97,6,2,163,88,20
QmPUMV7dYUoNqzjkbMA4zXZcTaHxhLZV7g36kMVzA42GiR_output.musicxml,126,172,157,279,57,120,80,77,5,1,124,72,19
QmPvH2Yv71vGJXGTVpn6Uvr3LmH2n7ys7gzwxnRxMkgG2F_output.musicxml,167,232,220,338,86,219,111,86,7,1,208,122,28
QmPx4FZ2KpqymPkkvnXP5THCJwcVMmHg2w7JXbETdNjdYZ_output.musicxml,109,170,138,246,65,164,69,65,7,4,23,0,11
QmS7Ej1U9u9o8S2eHevV2Wm2ShghSrBg3UUWLSGVP8ewuD_output.musicxml,131,222,207,375,59,142,83,71,4,1,153,50,14
QmSdsiY97pBbCC8r4oYUWjVz41Z9QcK3qaJqReGXmru6id_output.musicxml,135,88,50,96,21,53,16,18,4,5,36,8,12
QmSeRKqRuKXBjPxtYgaYjK6dEPY2VohdgDnj6YDX9h3afr_output.musicxml,186,294,240,395,116,250,101,110,7,4,121,24,47
QmSExDRzefgikKSP94wC9wEwyr7PY9hofpHsgMsSeY4YBx_output.musicxml,158,150,125,196,67,150,89,53,2,0,32,28,22
QmSft56KUb2qhygYg7EyUMZQPer1LXui2pHViqgzgbCAkT_output.musicxml,117,260,182,246,104,225,74,61,7,1,163,78,35
QmSgyP4ghQ4YgcHAuQPb5MrcCHfA72qqMD4MPJg9TkyTHt_output.musicxml,137,192,185,287,87,164,86,81,10,5,35,12,35
QmSHpTuudg7YvnUwa6rUjnnpVt2FSD7GJvfNoE86cPLp2G_output.musicxml,282,78,82,67,54,96,95,55,8,0,20,0,30
QmSijurpxV9o2Hmqo5t7VPkRp1SgsVKqGraH8vTcMT6BP5_output.musicxml,190,282,257,460,122,238,129,123,8,5,179,84,45
QmSJP3veuJnQ22cvzJYzcCUC9pdt6E81cqKfpSEUFWSEzm_output.musicxml,234,480,292,524,174,336,172,171,18,6,250,122,81
QmSmRYy83VHfcKTh6MV4ngdBHXS9LCZ14eu5jxVGsLiCeA_output.musicxml,93,116,129,222,42,110,66,58,3,0,0,0,9
QmSMzpcosHajGUiyizQcGEZLhQatZVeS53CXPHeaGvktf1_output.musicxml,672,282,340,523,155,360,227,99,5,0,51,38,52
QmSPfRV2jt4MM7t3tAUmxCtrTmtS6cAShg8BVAw9zqdcoJ_output.musicxml,145,374,288,352,90,334,89,80,6,2,16,4,15
QmSqmVpp4BJwwta9X7XUvrbU57DRWEM8hmir63d9RCHEAn_output.musicxml,113,180,169,301,68,147,76,70,1,3,66,12,26
QmSreZ7oWfpv2bXCsDe3aUWVLDpLvpDL7X8rKvDeipxM32_output.musicxml,108,58,63,59,38,109,47,26,5,2,27,40,4
QmSTdxMvMqwFtoxTnEnLjWmd8ymDZEWdfNVX3gmuEfdost_output.musicxml,339,136,138,150,66,156,123,40,7,1,89,8,16
QmSUaNPTAJbcN6SnK4KVMEDQiVy6ZcGQqgh9h8EJadRjFp_output.musicxml,67,30,17,7,10,19,16,7,2,1,5,0,11
QmSuPZnheDFXZmkpoCpReVAZYMiELVJjB25dvNDKdNxXaK_output.musicxml,74,6,10,9,5,7,20,18,2,0,1,8,0
QmSVqbWFjZY4a5cT6aBZGoHAuCm8WyXeYpGiUjTRXK96ma_output.musicxml,200,340,307,497,115,270,130,146,13,4,72,20,29
QmT9py35rZ7BfR2hBzZcmpoy4kmDWSWJCi5qxc3EjT8B7h_output.musicxml,152,224,226,392,77,140,114,101,2,2,100,66,22
QmTfnhJ2i2JDwi5HTXy4gxapUr2FR96tQQHZWEAE5n9P2y_output.musicxml,84,144,114,154,53,112,51,51,6,3,98,40,32
QmTGXDbCTuHVbwGuqofBNZ7BkHiPUQzxzLCVReU4MNRbVq_output.musicxml,247,926,394,797,129,435,127,91,18,0,0,4,44
QmTjuW8sWKxLdsomyNkQR2yjm36a6R9W3ZwmYMTcXNVDAy_output.musicxml,325,250,235,465,124,184,151,96,19,1,65,16,43
QmTPjWUJ2sNGq67GrjrsLZj4cZY8CEN2kGbjCzCLjqPM18_output.musicxml,140,190,173,327,72,171,96,104,6,2,79,72,26
QmTPmBvCqSrpJTdr87B77a5yprLJM1L6p2yUfmpoBSJW43_output.musicxml,79,76,70,124,17,61,32,30,4,0,21,0,1
QmTqNRjB66v6xPpKvmAS7eKjqzfoKAnYbcQvYEqouLmDcA_output.musicxml,48,44,32,72,21,60,19,13,2,0,0,24,5
QmTQSWcrdVtXgW3eCvoHM5i33DKm3kFscQ2a2sb37AYEvh_output.musicxml,106,128,84,102,52,130,40,25,4,0,25,20,23
QmTqXdJxmucij1cYs89y3Yxz8YZSR6dCY35415P3xmXP5v_output.musicxml,76,74,48,74,26,41,48,49,7,4,104,32,17
QmTRC3BhzsUprgdJoKSki5vCEbtW5FFaiJ68Pi82F67bwD_output.musicxml,102,278,178,304,79,212,77,63,2,1,128,96,39
QmTrFm3W5yHzoBqDn6q9mWSFzLwZnL7tQm4Tdn5ueTeRXk_output.musicxml,132,214,118,188,90,208,59,61,10,0,100,14,31
QmTsQ5XM9YADxfuuEgNJTbd8eTxuqXcT59LbVm1VD5SDRp_output.musicxml,71,176,117,190,51,149,45,42,4,2,27,4,22
QmTt7v7myetkuNJV7venpKH1oZwFuuwPJYmGRD4gJhPjCi_output.musicxml,118,264,189,392,78,207,77,74,3,1,0,8,21
QmTtC9JBp5fzMmEAcDPc2DXnwRQkBxSeGUgCZFbnsZmX8L_output.musicxml,116,224,151,221,107,196,75,68,6,0,114,68,39
QmTu3F2ZJUuhkTcBrCeod1uCq3eDDaPR3xEQ89iEtYb2PX_output.musicxml,86,186,145,173,51,145,56,48,10,1,15,8,19
QmTwycHXma72nBrxoZ2f1on5oxsViPz7MchxhdpJ6Kzpoj_output.musicxml,173,282,217,347,103,244,124,125,9,7,274,110,53
QmTZ8Y5CMhAnhHBz4zKaZwc6zWsrdW4bc5TrK3rWwZSRcc_output.musicxml,118,124,138,244,54,94,73,68,6,12,106,0,21
QmU8fmJ7pifXjQaRF5XcBQQ57LnBFKzGeKCd4hqVDPbyYz_output.musicxml,178,308,281,450,101,220,119,119,5,4,163,74,42
QmUa2K3bR664rxtSJyxcun7xCQUo4bgZDJVwDTWksDqbYw_output.musicxml,628,54,100,118,107,158,219,106,2,2,215,8,7
QmUb7roXBDcoiCWHkB6VB3v7UW1A8nr3gtrZjgY8V5mxE8_output.musicxml,152,264,183,237,85,196,81,75,11,2,40,0,46
QmUEkLopoPWSLrAJSqvHfU6BY2DAKPsZG6oA8LZPrudGRR_output.musicxml,138,198,229,397,64,179,103,98,4,0,0,0,13
QmUFku1M46cNr65WDZC89qfwZYnfmMHtxZyj8WiKTRNDpJ_output.musicxml,82,180,132,226,54,168,55,51,4,0,5,0,13
QmUH1gnY8K6NHjqKpJfzgS8QJ9goz67Ati2ZatqSd6AiPd_output.musicxml,145,232,211,394,98,197,97,100,6,4,180,66,36
QmUjeMJ23VeEj3PURrCfrea3jw1o7VpGpvQk3obMXAfXir_output.musicxml,226,180,119,198,38,116,66,42,10,4,20,18,13
QmUoiQLwUb2gHZLG2tR4gBCfyA5bLXrYb4kN7rkrr97vyK_output.musicxml,134,204,145,271,95,171,93,97,10,2,25,0,36
QmUQUbtoBL95ex7LT4YMNTDfLynfnGokZV2rYNweKYqibD_output.musicxml,38,2,4,2,1,1,8,3,3,1,0,0,0
QmUrm5mH5LpSioqDDahSnQRvoHcCTjupBrjpDhF5aR8H4m_output.musicxml,56,88,90,154,26,54,37,31,3,0,5,0,5
QmUsRAFkj4mdEM2ABmXmjSoJPT2KWUQXpMTkE7vqbohQNK_output.musicxml,154,158,184,311,69,143,94,108,16,3,134,34,22
QmUSWddat2VTmv3CNCWcwz73etRjQXybjHN4apPPkuiAtX_output.musicxml,164,314,238,270,90,264,107,88,9,1,96,18,32
QmUU6jnqATtAUwPBQjwCPp9Ver3w6M9yv3Qpk7ciUrwZzL_output.musicxml,132,246,181,310,72,231,81,62,4,0,46,4,47
QmV599qx3sxrjJhCdNJmPoDzwDiNxg8HZC87ughUBPVxxm_output.musicxml,146,246,185,290,85,231,100,99,7,1,70,0,32
QmVa3v1f1ZmoqjiAveiLbTUv5NZAS4D3ibaMudNwcL5oWT_output.musicxml,352,198,215,218,88,196,117,37,16,11,217,74,27
QmVAhiqgE1N8yuQWYoKm2ASUqQnykHJUbM1uYMJeaKhjM9_output.musicxml,78,188,88,262,50,74,37,28,8,0,28,0,25
QmVbSfFuLcgBFcmq2L5kgKn2M8xNzemCcWiENacbvAPgpU_output.musicxml,242,562,415,711,139,353,133,96,3,0,269,152,97
QmVDGcCG2ugTdq7SdAUrGivGrMipEpLgFZkuVQvfHfH4LG_output.musicxml,299,174,142,164,77,176,88,31,12,21,27,28,19
QmVdTMNyYdTqLsjGCHepLaoMBJ9h8FUJQxjsUUtHJjAgVU_output.musicxml,249,4330,1188,4243,153,815,90,63,13,0,0,16,61
QmVFLFfuJ9mf5iywCdxR22pJT1uji6LV2gBxZQgdXMqUWY_output.musicxml,88,256,112,326,44,88,37,30,13,1,18,8,24
QmVHEH6ThQ6oovSZeCSZnkSpK8LS3nNF9TenZwQ78Jfnwn_output.musicxml,176,206,192,309,88,196,86,87,10,5,20,0,34
QmVhK4mTuTqqaLKUyj65mcfHLnyFF6poEgKZ5H8vHKqJzx_output.musicxml,140,176,174,288,88,156,90,72,6,2,131,80,33
QmVKhZ7mxujyv2xpieGpCSz5pvNSEiHBiWx3euEMQyU4Np_output.musicxml,78,4,12,14,4,6,14,8,2,4,0,0,2
QmVki2E5G1oDnHS2xb6JnCFJe69K6Jq1PaT1CdRCkkeuxa_output.musicxml,63,138,97,166,39,94,39,35,3,1,46,30,11
QmVKXuBY65942pGYPV7hA8qPyDkLAHxr1Cu92ZHCaximHf_output.musicxml,62,222,90,316,21,46,25,19,5,0,0,0,13
QmVMPKgdekrdthf6qgxGow4eQ8w711x82uNZkisXiLZZ6Z_output.musicxml,175,322,170,265,125,262,105,95,10,4,234,92,68
QmVoXZSdmXiMTxWXQcndCneJBuTeDfo7VtLJNs69bWPJ8y_output.musicxml,54,110,60,67,19,47,19,10,1,1,3,6,14
QmVTG5ebBbcUvUMDGJfnWTUeoVrKyBrpdFK4aw4mVkg8jL_output.musicxml,123,218,166,270,95,169,85,71,6,1,149,70,35
QmVugVgSjwRhS1vuTxcWZiw9N9Jx5ELhDGdUcucy8cytU4_output.musicxml,101,88,60,70,34,61,34,19,6,1,5,30,12
QmVXGePHvUjMneigpqp7w4uqBXo7yyY63WizwvZW43eND8_output.musicxml,118,172,167,269,74,169,78,72,10,3,167,80,18
QmVy1ko2ZZ9GVg1MDrUsQzVi2msWGyXCUMZPVec5Z1d59N_output.musicxml,120,184,141,233,90,156,76,70,2,4,81,20,34
QmVZ8EZKnp934xJBNun3T13aPPPh8Rx411a5kmZmnx5tjs_output.musicxml,229,112,54,113,67,117,144,118,6,3,133,30,8
QmVZiGjWvvkb2jqGE1yR923kKigo6vi31PDjeNT1y5fK9R_output.musicxml,151,300,236,413,112,231,120,117,3,0,135,82,46
QmW14B8PKnXbLWs2js9RAiG9P3CrYN3eTLPponjQdk8xjg_output.musicxml,192,214,160,262,78,145,126,111,8,0,10,0,32
QmWacaW2hRpe6gVNAX53bNULhCfdgvVjaxJktJZ7UUAb28_output.musicxml,22,122,51,93,22,43,19,15,2,2,32,8,24
QmWbgebRzFDKsxGeyMtuVWRDceraSeeXj5LvdUyizDwduK_output.musicxml,100,152,101,178,60,128,60,47,3,1,133,44,23
QmWdsPGhvr8LKMFrxyUD1ABdYpF7wknJM6MzJYpumE9BnJ_output.musicxml,90,212,166,266,61,151,55,36,3,0,67,32,30
QmWi3orZFv8CcLcABf9eSH1QCTNrVCBKur84sBq4BvoXp4_output.musicxml,191,522,362,575,125,362,137,129,11,0,180,100,64
QmWLN4jdk4D8hg213Euk7Cxxhq6qLMvd1YScChLsGZWpok_output.musicxml,574,228,283,335,111,221,125,44,8,1,8,6,47
QmWLpJcHJGx9awfYBnFqr1uwg2Lmv3g3Sr7ynd1nHTnFPL_output.musicxml,90,80,74,79,34,63,70,75,5,0,0,0,5
QmWox4kqFY1bRPpogNM8ZCmNtkGyg9PhWVCgLuSwLqa6no_output.musicxml,212,302,232,414,119,254,136,144,16,8,196,66,53
QmWrD1iWWZzHJL6WEdHoMRCERMzNnSC5NXonkAHi9abJkA_output.musicxml,332,202,222,227,121,310,98,12,5,0,163,30,16
QmWRUVT6MTQwNGD5XevX8JGBjBqo7xWKJZfCrBmRweMtaB_output.musicxml,184,1220,747,801,69,415,83,6,3,0,93,0,7
QmWTbGbgbfcGjJBMwavndMRbXha6b6BaYd3TyhNDWm7per_output.musicxml,30,20,30,36,11,14,21,14,2,0,0,0,6
QmWUwL8QuJxW7RTTYH9jmjZdgNkwk5LavY637GFPM9xPj1_output.musicxml,110,194,112,169,75,113,69,65,4,2,35,4,33
QmWv2V4qtKGzofStzZku2owWBmDUQsLkYVpnHQ4wnKD27N_output.musicxml,160,216,236,392,75,215,116,102,6,2,177,86,39
QmWy5ikbacTxNY1zqusfypLSeViGxVFSxBUY5cRLjZBCLQ_output.musicxml,181,262,228,404,110,233,122,128,4,1,142,62,45
QmX1gwhEVVabRBi3owU9fSwTT8yif79DV1tsyNcXQyBKeb_output.musicxml,204,322,208,298,86,288,80,26,0,4,84,40,36
QmX1MCEDWg6bFGmreJSCaUHmAQhFVBGrBdDB6jLs1Mt4nV_output.musicxml,190,272,288,454,106,266,139,135,11,2,74,24,28
QmX4Px2tsTXswNPNpqEeLt3aPtRa4JKiXYXdhSRSFdSRo2_output.musicxml,189,238,246,389,91,194,130,142,10,8,135,70,30
QmX5PgBjJ8abkRvirUyiNZVYL1a1cDDCCewQ4QxvKCKhYb_output.musicxml,120,226,154,317,82,175,73,49,5,0,157,40,31
QmX9QC5gwN4vwwY6asvNvSouVdk9cDCSHNgno1qZtHvLPN_output.musicxml,123,162,158,228,74,142,82,83,7,3,20,22,24
QmXadDyC5b44fg4wPKVPj75MwSH2gza9SWdvqsGHigpRwv_output.musicxml,149,12,26,17,11,18,28,17,8,3,20,0,4
QmXANNPyt6kRKuddLsszmUC7Hiry5ice3SFdThm4toHB7i_output.musicxml,83,284,207,235,35,136,29,15,4,0,10,0,5
QmXAVcPjr1E58Jijytmho14sMFHrDa1UMExHrnSZAGVJ4E_output.musicxml,129,312,223,378,84,219,90,82,8,0,10,0,34
QmXegDYS5wVUGy9PKnEpkSaWtJEo7ij4Eu2o3Dsc9Q1jyk_output.musicxml,214,436,345,732,132,340,142,149,8,6,84,24,23
QmXeyKtynRxojvik9Z3DH3TJgtPzu3pytRE6TJHg2qoba1_output.musicxml,188,310,273,376,122,276,116,88,9,2,15,0,35
QmXHF6YU58kDnZn6oVPRyoDjTncjj5npQ6iyKD6fmYKpec_output.musicxml,39,56,40,47,25,39,29,20,1,0,0,0,11
QmXqrmUC9WbWmYtJchgSqpZgxCjAYc4RZ3c9GHMbnFVNgv_output.musicxml,122,180,164,254,75,138,72,72,6,1,191,70,35
QmXTKW6NkP4QhxESiLZwnnoWN5EGajBhfgUY3tY6oMLLoH_output.musicxml,156,228,178,204,73,158,59,29,5,0,85,76,29
QmXtMmc4TsU1sjk8dgBKfMxtCeBmhpkXt7KKSh5SDZWv7g_output.musicxml,158,360,213,341,111,236,110,93,5,2,46,32,54
QmY1jA5CZA5Z9bXjDv4JLCZKjxXQwdUix4FaFC9w9F3bma_output.musicxml,36,38,32,33,19,35,23,16,2,0,50,18,7
QmY259f1soW89wfvqdqRrpmmL1tEVw6Via8FR8teaffj6M_output.musicxml,158,284,253,472,111,258,123,119,6,7,175,98,29
QmY5rPYDnUtLKURQaBDmrd7YsDC1d7m3NUB7vdioWDQF5v_output.musicxml,213,2436,670,2281,165,763,148,116,12,3,55,58,21
QmY7UMvXUbKxbN7fUtmWoQ4Arv5552ZjfZeexcZJyuz9Ho_output.musicxml,155,394,250,377,92,285,80,64,6,3,114,68,25
QmYAwoVQoeDYoxSjoaSGitExg6fox9jYKhBEeG3reEdavg_output.musicxml,222,330,272,350,102,352,105,58,7,2,161,54,39
QmYbD6NNdfJVVenCJkfVmB5sDqomHbHfP9qs5tBeDToGnR_output.musicxml,148,280,229,407,101,237,109,96,2,2,210,116,54
QmYbMAewd7rDCECAKUBGCuDLw1R7WkWWggGFhwxbyFEYfY_output.musicxml,104,170,147,275,49,118,61,62,4,0,55,0,16
QmYDGfLLkjEWp1khbeH38cJQKJ7cKW8ChxQwB3BKTL2HgG_output.musicxml,108,236,146,265,81,176,71,66,5,1,83,50,39
QmYe4QtQ9pwf3wcNqUqCLCskb7aRG3LXfnhzBWqH5SuyBy_output.musicxml,136,252,201,286,77,182,88,78,2,2,20,0,23
QmYFmpLRbaTEiKax4dPVYMMWMRbCy79YLVERQ41SA4y848_output.musicxml,85,168,123,212,49,112,62,54,4,1,45,12,10
QmYfQAjgHuFVd8XtofCVLW7QGFfZS1w9xRtYjBL8HKk1Yx_output.musicxml,164,74,63,102,36,82,47,18,7,0,64,0,13
QmYkNehT4VfzavTPZD76A3e5gFgoJq9k6G9rZ9FX4RjAzZ_output.musicxml,165,232,188,346,100,200,97,105,8,1,221,60,56
QmYvVa9gzzXz2eAZMqCb51AjyQHnSas2o8KkeGbcSprTXx_output.musicxml,259,552,372,434,150,517,102,52,8,1,55,28,52
QmYVZX8ZP8NzxtWbt5SZsTcgsTfRmodgNqgcZ83yjkHzcE_output.musicxml,88,90,61,78,26,55,25,21,8,0,0,0,10
QmYyT5NXKTSQsK2Rtwtu1zSE1zwFgwugjBqN4E5sumoHAm_output.musicxml,164,178,178,288,70,128,82,60,8,0,161,52,24
QmZ7GrSqFjNCyW7p6M8947FHDMBj8xCUqaJVoW8f17JV2p_output.musicxml,169,256,197,373,107,215,109,112,5,1,180,78,47
QmZAyJT2KqthraDHzCiPzfgCefwLwxzTj2BrU9yziAWBGt_output.musicxml,122,154,166,243,54,129,83,84,7,6,36,16,8
QmZCBPeBUmpUKYkwGLno13hevz9KCzNe2LCWAr39qR34og_output.musicxml,626,258,446,535,103,204,151,42,9,7,102,26,21
QmZcDASkbd8nY3En2FT7qGEkxK6f6xU8bvhSDdUcxRbQJw_output.musicxml,38,16,15,14,10,34,7,2,1,0,5,4,4
QmZCY5wU3xxsqLFCsTyp6Amy9bvXgqTXZvqR7M9hqApPPz_output.musicxml,262,1646,1211,1521,205,1228,163,163,11,6,436,158,186
QmZGzurHuWwt6dDiW3hiY36jD55RXaRuBYMDb1HKbnNKhF_output.musicxml,128,76,70,90,30,76,32,22,11,0,43,0,16
QmZJKgGLSgt4DnXZPWsSpSUUK1r7k4mp75UkiRmDFPL54u_output.musicxml,120,172,154,235,70,135,84,81,7,2,93,30,23
QmZnrvK1BDr6VKdM3LTBPpiX88TcRo1HHrFPdcd4WebdeC_output.musicxml,655,56,104,60,43,65,96,78,38,14,0,24,35
QmZQspiHht99oxQxfb9awioVQh1YjxQqtxHQZA6kdG9Et7_output.musicxml,153,352,284,538,95,241,98,100,5,0,36,20,30
QmZwayJBnyhThwn3LeYGqdRzkX89rXfxQDTjjGFPmWz9iH_output.musicxml,183,352,229,389,121,258,132,125,7,2,223,76,46
QmZyzujpizy8vQaR7acjN5TB6FDJsWsVd4hLDwYjV2TF9P_output.musicxml,108,4,4,0,1,2,30,24,4,0,0,0,0
